<?xml version="1.0" encoding="UTF-8"?>
<gmd:MD_Metadata xmlns:gmd="http://www.isotc211.org/2005/gmd"
                 xmlns:xsi="http://www.w3.org/2001/XMLSchema-instance"
                 xmlns:gml="http://www.opengis.net/gml"
                 xmlns:gco="http://www.isotc211.org/2005/gco"
                 xmlns:xlink="http://www.w3.org/1999/xlink"
                 xmlns:geonet="http://www.fao.org/geonetwork"
                 xsi:schemaLocation="http://www.isotc211.org/2005/gmd http://www.isotc211.org/2005/gmd/gmd.xsd">
  <gmd:fileIdentifier xmlns:srv="http://www.isotc211.org/2005/srv"
                       xmlns:gmx="http://www.isotc211.org/2005/gmx">
      <gco:CharacterString>bcc9e3b6-8c18-49e1-bb72-03d37e4babc3</gco:CharacterString>
  </gmd:fileIdentifier>
  <gmd:language>
      <gmd:LanguageCode codeList="http://www.loc.gov/standards/iso639-2/" codeListValue="eng">eng</gmd:LanguageCode>
  </gmd:language>
  <gmd:characterSet>

      <gmd:MD_CharacterSetCode codeList="" codeListValue="utf8"/>
  </gmd:characterSet>
  <gmd:hierarchyLevel>
      <gmd:MD_ScopeCode codeList="http://www.isotc211.org/2005/resources/codeList.xml#MD_ScopeCode"
                        codeListValue="dataset"/>
  </gmd:hierarchyLevel>
  <gmd:contact>
      <gmd:CI_ResponsibleParty>
         <gmd:organisationName>
            <gco:CharacterString>European Environment Agency</gco:CharacterString>

         </gmd:organisationName>
         <gmd:contactInfo>
            <gmd:CI_Contact>
               <gmd:address>
                  <gmd:CI_Address>
                     <gmd:deliveryPoint>
                        <gco:CharacterString>Kongens Nytorv 6</gco:CharacterString>
                     </gmd:deliveryPoint>

                     <gmd:city>
                        <gco:CharacterString>Copenhagen</gco:CharacterString>
                     </gmd:city>
                     <gmd:administrativeArea>
                        <gco:CharacterString>K</gco:CharacterString>
                     </gmd:administrativeArea>
                     <gmd:postalCode>
                        <gco:CharacterString>1050</gco:CharacterString>

                     </gmd:postalCode>
                     <gmd:country>
                        <gco:CharacterString>Denmark</gco:CharacterString>
                     </gmd:country>
                     <gmd:electronicMailAddress>
                        <gco:CharacterString>eea.enquiries@eea.europa.eu</gco:CharacterString>
                     </gmd:electronicMailAddress>
                  </gmd:CI_Address>

               </gmd:address>
            </gmd:CI_Contact>
         </gmd:contactInfo>
         <gmd:role>
            <gmd:CI_RoleCode codeList="http://www.isotc211.org/2005/resources/codeList.xml#CI_RoleCode"
                             codeListValue="pointOfContact"/>
         </gmd:role>
      </gmd:CI_ResponsibleParty>
  </gmd:contact>
  <gmd:dateStamp>

      <gco:DateTime xmlns:srv="http://www.isotc211.org/2005/srv"
                    xmlns:gmx="http://www.isotc211.org/2005/gmx">2010-07-29T11:53:05</gco:DateTime>
  </gmd:dateStamp>
  <gmd:metadataStandardName>
      <gco:CharacterString xmlns:srv="http://www.isotc211.org/2005/srv"
                           xmlns:gmx="http://www.isotc211.org/2005/gmx">ISO 19115:2003/19139</gco:CharacterString>
  </gmd:metadataStandardName>
  <gmd:metadataStandardVersion>
      <gco:CharacterString xmlns:srv="http://www.isotc211.org/2005/srv"
                           xmlns:gmx="http://www.isotc211.org/2005/gmx">1.0</gco:CharacterString>

  </gmd:metadataStandardVersion>
  <gmd:referenceSystemInfo>
      <gmd:MD_ReferenceSystem>
         <gmd:referenceSystemIdentifier>
            <gmd:RS_Identifier>
               <gmd:code>
                  <gco:CharacterString>urn:ogc:def:crs:EPSG:7.1:3035</gco:CharacterString>
               </gmd:code>

               <gmd:codeSpace>
                  <gco:CharacterString>OGP Surveying &amp; Positioning Committee</gco:CharacterString>
               </gmd:codeSpace>
            </gmd:RS_Identifier>
         </gmd:referenceSystemIdentifier>
      </gmd:MD_ReferenceSystem>
  </gmd:referenceSystemInfo>

  <gmd:identificationInfo>
      <gmd:MD_DataIdentification>
         <gmd:citation>
            <gmd:CI_Citation>
               <gmd:title>
                  <gco:CharacterString>EEA reference grid for Europe (10km), May 2011</gco:CharacterString>
               </gmd:title>
               <gmd:date>

                  <gmd:CI_Date>
                     <gmd:date>
                        <gco:Date>2011-06-15</gco:Date>
                     </gmd:date>
                     <gmd:dateType>
                        <gmd:CI_DateTypeCode codeList="http://www.isotc211.org/2005/resources/codeList.xml#CI_DateTypeCode"
                                             codeListValue="publication"/>
                     </gmd:dateType>
                  </gmd:CI_Date>

               </gmd:date>
               <gmd:date>
                  <gmd:CI_Date>
                     <gmd:date>
                        <gco:Date>2011-06-01</gco:Date>
                     </gmd:date>
                     <gmd:dateType>
                        <gmd:CI_DateTypeCode codeList="http://www.isotc211.org/2005/resources/codeList.xml#CI_DateTypeCode"
                                             codeListValue="creation"/>

                     </gmd:dateType>
                  </gmd:CI_Date>
               </gmd:date>
               <gmd:identifier>
                  <gmd:RS_Identifier>

                     <gmd:code>
                        <gco:CharacterString>eea_v_3035_10_km_eea-ref-grid-europe_2011</gco:CharacterString>
                     </gmd:code>
                  </gmd:RS_Identifier>
               </gmd:identifier>
            </gmd:CI_Citation>
         </gmd:citation>
         <gmd:abstract>

            <gco:CharacterString>The grid is based on proposal at the 1st European Workshop on Reference Grids in 2003 and later INSPIRE geographical grid systems. The sample grid available here is part of a set of three polygon grids in 1, 10 and 100 kilometres. The grids cover at least country borders and, where applicable, marine Exclusive Economic Zones v2.0, http://www.vliz.be/vmdcdata/marbound. Note that the extent of the grid into the marine area does not reflect the extent of the territorial waters.</gco:CharacterString>
         </gmd:abstract>
         <gmd:pointOfContact>
            <gmd:CI_ResponsibleParty>
               <gmd:organisationName>
                  <gco:CharacterString>European Environment Agency</gco:CharacterString>
               </gmd:organisationName>
               <gmd:contactInfo>

                  <gmd:CI_Contact>
                     <gmd:address>
                        <gmd:CI_Address>
                           <gmd:deliveryPoint>
                              <gco:CharacterString>Kongens Nytorv 6</gco:CharacterString>
                           </gmd:deliveryPoint>
                           <gmd:city>
                              <gco:CharacterString>Copenhagen</gco:CharacterString>

                           </gmd:city>
                           <gmd:administrativeArea>
                              <gco:CharacterString>K</gco:CharacterString>
                           </gmd:administrativeArea>
                           <gmd:postalCode>
                              <gco:CharacterString>1050</gco:CharacterString>
                           </gmd:postalCode>
                           <gmd:country>

                              <gco:CharacterString>Denmark</gco:CharacterString>
                           </gmd:country>
                           <gmd:electronicMailAddress>
                              <gco:CharacterString>eea.enquiries@eea.europa.eu</gco:CharacterString>
                           </gmd:electronicMailAddress>
                        </gmd:CI_Address>
                     </gmd:address>
                     <gmd:onlineResource>

                        <gmd:CI_OnlineResource>
                           <gmd:linkage>
                              <gmd:URL>http://www.eea.europa.eu</gmd:URL>
                           </gmd:linkage>
                           <gmd:protocol>
                              <gco:CharacterString>WWW:LINK-1.0-http--link</gco:CharacterString>
                           </gmd:protocol>
                           <gmd:name>

                              <gco:CharacterString>Europen Environment Agency public website</gco:CharacterString>
                           </gmd:name>
                           <gmd:function>
                              <gmd:CI_OnLineFunctionCode codeList="http://www.isotc211.org/2005/resources/codeList.xml#CI_OnLineFunctionCode"
                                                         codeListValue="information"/>
                           </gmd:function>
                        </gmd:CI_OnlineResource>
                     </gmd:onlineResource>
                  </gmd:CI_Contact>

               </gmd:contactInfo>
               <gmd:role>
                  <gmd:CI_RoleCode codeList="http://www.isotc211.org/2005/resources/codeList.xml#CI_RoleCode"
                                   codeListValue="pointOfContact"/>
               </gmd:role>
            </gmd:CI_ResponsibleParty>
         </gmd:pointOfContact>
         <gmd:pointOfContact>
            <gmd:CI_ResponsibleParty>
               <gmd:organisationName>

                  <gco:CharacterString>European Environment Agency</gco:CharacterString>
               </gmd:organisationName>
               <gmd:positionName>
                  <gco:CharacterString/>
               </gmd:positionName>
               <gmd:contactInfo>
                  <gmd:CI_Contact>
                     <gmd:address>

                        <gmd:CI_Address>
                           <gmd:deliveryPoint>
                              <gco:CharacterString>Kongens Nytorv 6</gco:CharacterString>
                           </gmd:deliveryPoint>
                           <gmd:city>
                              <gco:CharacterString>Copenhagen</gco:CharacterString>
                           </gmd:city>
                           <gmd:administrativeArea>

                              <gco:CharacterString>K</gco:CharacterString>
                           </gmd:administrativeArea>
                           <gmd:postalCode>
                              <gco:CharacterString>1050</gco:CharacterString>
                           </gmd:postalCode>
                           <gmd:country>
                              <gco:CharacterString>Denmark</gco:CharacterString>

                           </gmd:country>
                           <gmd:electronicMailAddress>
                              <gco:CharacterString>eea.enquiries@eea.europa.eu</gco:CharacterString>
                           </gmd:electronicMailAddress>
                        </gmd:CI_Address>
                     </gmd:address>
                  </gmd:CI_Contact>
               </gmd:contactInfo>

               <gmd:role>
                  <gmd:CI_RoleCode codeList="http://www.isotc211.org/2005/resources/codeList.xml#CI_RoleCode"
                                   codeListValue="custodian"/>
               </gmd:role>
            </gmd:CI_ResponsibleParty>
         </gmd:pointOfContact>

         <gmd:descriptiveKeywords>
            <gmd:MD_Keywords>
               <gmd:keyword>
                  <gco:CharacterString>Geographical grid systems</gco:CharacterString>

               </gmd:keyword>
               <gmd:thesaurusName>
                  <gmd:CI_Citation>
                     <gmd:title>
                        <gco:CharacterString>GEMET - INSPIRE themes, version 1.0</gco:CharacterString>
                     </gmd:title>
                     <gmd:date>
                        <gmd:CI_Date>

                           <gmd:date>
                              <gco:Date>2008-06-01</gco:Date>
                           </gmd:date>
                           <gmd:dateType>
                              <gmd:CI_DateTypeCode codeList="http://www.isotc211.org/2005/resources/codeList.xml#CI_DateTypeCode"
                                                   codeListValue="publication"/>
                           </gmd:dateType>
                        </gmd:CI_Date>
                     </gmd:date>

                  </gmd:CI_Citation>
               </gmd:thesaurusName>
            </gmd:MD_Keywords>
         </gmd:descriptiveKeywords>
		 <gmd:resourceConstraints>
            <gmd:MD_Constraints>
               <gmd:useLimitation>
                  <gco:CharacterString>Unless otherwise indicated, re-use of content on the EEA website for commercial or non-commercial purposes is permitted free of charge, provided that the source is acknowledged.  The EEA re-use policy follows Directive 2003/98/EC of the European Parliament and the Council on the re-use of public sector information throughout the European Union and Commission Decision 2006/291/EC, Euratom on the re-use of Commission information.  The EEA accepts no responsibility or liability whatsoever for the re-use of content accessible on its website.  Any inquiries about re-use of content on the EEA website should be addressed to Ove Caspersen, EEA, Kongens Nytorv 6, DK-1050 Copenhagen K, Tel +45 33 36 71 00, Fax +45 33 36 71 99, e-mail copyrights at eea.europa.eu</gco:CharacterString>

               </gmd:useLimitation>
            </gmd:MD_Constraints>
         </gmd:resourceConstraints>
         <gmd:resourceConstraints>
            <gmd:MD_LegalConstraints>
               <gmd:accessConstraints>
                  <gmd:MD_RestrictionCode codeList="http://www.isotc211.org/2005/resources/codeList.xml#MD_RestrictionCode"
                                          codeListValue="otherRestrictions"/>
               </gmd:accessConstraints>
               <gmd:otherConstraints>

                  <gco:CharacterString>no limitations</gco:CharacterString>
               </gmd:otherConstraints>
            </gmd:MD_LegalConstraints>
         </gmd:resourceConstraints>
         <gmd:spatialRepresentationType>
            <gmd:MD_SpatialRepresentationTypeCode codeList="http://www.isotc211.org/2005/resources/codeList.xml#MD_SpatialRepresentationTypeCode"
                                                  codeListValue="vector"/>
         </gmd:spatialRepresentationType>
         <gmd:spatialResolution>
       <gmd:MD_Resolution>
                <gmd:distance>
                        <gco:Distance uom="http://standards.iso.org/ittf/PubliclyAvailableStandards/ISO_19139_Schemas/resources/uom/ML_gmxUom.xml#m">10000</gco:Distance>
                </gmd:distance>
        </gmd:MD_Resolution>
         </gmd:spatialResolution>
         <gmd:language>
            <gmd:LanguageCode codeList="http://www.isotc211.org/2005/resources/codeList.xml#LanguageCode"
                              codeListValue="eng"/>
         </gmd:language>
         <gmd:topicCategory>
            <gmd:MD_TopicCategoryCode>location</gmd:MD_TopicCategoryCode>
         </gmd:topicCategory>

         <gmd:topicCategory>
            <gmd:MD_TopicCategoryCode>geoscientificInformation</gmd:MD_TopicCategoryCode>
         </gmd:topicCategory>
         <gmd:extent>
            <gmd:EX_Extent>
               <gmd:geographicElement>
                  <gmd:EX_GeographicBoundingBox>
                     <gmd:westBoundLongitude>

                        <gco:Decimal>17.2306</gco:Decimal>
                     </gmd:westBoundLongitude>
                     <gmd:eastBoundLongitude>
                        <gco:Decimal>32.7029</gco:Decimal>
                     </gmd:eastBoundLongitude>
                     <gmd:southBoundLatitude>
                        <gco:Decimal>31.651</gco:Decimal>

                     </gmd:southBoundLatitude>
                     <gmd:northBoundLatitude>
                        <gco:Decimal>43.4665</gco:Decimal>
                     </gmd:northBoundLatitude>
                  </gmd:EX_GeographicBoundingBox>
               </gmd:geographicElement>
            </gmd:EX_Extent>
         </gmd:extent>

         <gmd:extent>
            <gmd:EX_Extent>
               <gmd:temporalElement>
                  <gmd:EX_TemporalExtent>
                     <gmd:extent>
                        <gml:TimePeriod gml:id="d28e322a1049886">
                           <gml:beginPosition>2011-01-01</gml:beginPosition>
                           <gml:endPosition>2011-12-31</gml:endPosition>

                        </gml:TimePeriod>
                     </gmd:extent>
                  </gmd:EX_TemporalExtent>
               </gmd:temporalElement>
            </gmd:EX_Extent>
         </gmd:extent>
      </gmd:MD_DataIdentification>
  </gmd:identificationInfo>
  <gmd:distributionInfo>

      <gmd:MD_Distribution>
         <gmd:distributionFormat>
            <gmd:MD_Format>
               <gmd:name>
                  <gco:CharacterString>SHP</gco:CharacterString>
               </gmd:name>
               <gmd:version gco:nilReason="missing">
                  <gco:CharacterString/>

               </gmd:version>
            </gmd:MD_Format>
         </gmd:distributionFormat>
         <gmd:transferOptions>
            <gmd:MD_DigitalTransferOptions>
               <gmd:onLine>
                  <gmd:CI_OnlineResource>
                     <gmd:linkage>
                        <gmd:URL>http://www.eea.europa.eu/data-and-maps/data/ds_resolveuid/035b0873a523d5003396e1a02c405361</gmd:URL>

                     </gmd:linkage>
                     <gmd:protocol>
                        <gco:CharacterString>WWW:LINK-1.0-http--link</gco:CharacterString>
                     </gmd:protocol>
                     <gmd:function>
                        <gmd:CI_OnLineFunctionCode codeList="http://www.isotc211.org/2005/resources/codeList.xml#CI_OnLineFunctionCode"
                                                   codeListValue="download"/>
                     </gmd:function>
                  </gmd:CI_OnlineResource>

               </gmd:onLine>
			   </gmd:MD_DigitalTransferOptions>
         </gmd:transferOptions>
      </gmd:MD_Distribution>
  </gmd:distributionInfo>
  <gmd:dataQualityInfo>
      <gmd:DQ_DataQuality>

         <gmd:scope>
            <gmd:DQ_Scope>
               <gmd:level>
                  <gmd:MD_ScopeCode codeListValue="dataset"
                                    codeList="http://www.isotc211.org/2005/resources/codeList.xml#MD_ScopeCode"/>
               </gmd:level>
            </gmd:DQ_Scope>
         </gmd:scope>
         <gmd:lineage>
            <gmd:LI_Lineage>

               <gmd:statement>
                  <gco:CharacterString>The reference grids are based on ETRS89 Lambert Azimuthal Equal Area projection with parameters: latitude of origin 52°N, longitude of origin 10°E, false northing 3210000.0m, false easting 4321000.0m. Origin of the grid is calculated from 0mN 0mE of projection. The method followed the instructions for the EEA fishnet tool described in the EEA GIS guideline available from http://www.eionet.europa.eu/gis.</gco:CharacterString>
               </gmd:statement>
            </gmd:LI_Lineage>
         </gmd:lineage>
      </gmd:DQ_DataQuality>
  </gmd:dataQualityInfo>
</gmd:MD_Metadata>